proveedor_id_externo;sku;mpn;url_origen;url_canonica;nombre;descripcion;marca;categoria_proveedor;precio_sin_iva;precio_con_iva;iva_porcentaje;moneda;stock_estado;stock_cantidad;stock_texto;imagenes
decathlon-8524063;decathlon-8524063;;https://www.decathlon.es/es/p/casco-bicicleta-urbana-adulto-100-negro/145559/c381c227m8524063;https://www.decathlon.es/es/p/casco-bicicleta-urbana-adulto-100-negro/145559/c381c227m8524063;Casco bicicleta urbana adulto 100 negro;"Casco urbano para desplazamientos en bicicleta. La ficha del producto declara conformidad con EN 1078; comprueba la talla antes de comprar.";BTWIN;Ciclismo > Cascos de bicicleta;;;21;EUR;;;Muestra: comprobar vendedor, disponibilidad y afiliación antes de publicar;
decathlon-8326832;decathlon-8326832;;https://www.decathlon.es/es/p/casco-bicicleta-urbana-adulto-btwin-500-negro/895/c382m8326832;https://www.decathlon.es/es/p/casco-bicicleta-urbana-adulto-btwin-500-negro/895/c382m8326832;Casco bicicleta urbana adulto Btwin 500 negro;"Casco de uso urbano para bicicleta. La ficha declara EN 1078 y ofrece ajuste por talla; elige según el contorno de cabeza.";BTWIN;Ciclismo > Cascos de bicicleta;;;21;EUR;;;Muestra: comprobar vendedor, disponibilidad y afiliación antes de publicar;
decathlon-8552048;decathlon-8552048;;https://www.decathlon.es/es/p/casco-patines-patinete-y-skate-oxelo-mf500-negro/160387/c382m8552048;https://www.decathlon.es/es/p/casco-patines-patinete-y-skate-oxelo-mf500-negro/160387/c382m8552048;Casco patines patinete y skate Oxelo MF500 negro;Casco para patinete, patines y bicicleta, con rueda de ajuste y certificación EN 1078 declarada en la ficha.;BTWIN;Patinetes > Cascos y protección;;;21;EUR;;;Muestra: comprobar vendedor, disponibilidad y afiliación antes de publicar;
decathlon-8796153;decathlon-8796153;;https://www.decathlon.es/es/p/casco-de-roller-skateboard-patinete-ultraligero-mf900-iris/301832/m8796153;https://www.decathlon.es/es/p/casco-de-roller-skateboard-patinete-ultraligero-mf900-iris/301832/m8796153;Casco roller skateboard patinete MF900 Iris;Casco para patinete y deportes sobre ruedas, con ventilación y cierre magnético. La ficha indica EN 1078.;BTWIN;Patinetes > Cascos y protección;;;21;EUR;;;Muestra: comprobar vendedor, disponibilidad y afiliación antes de publicar;
decathlon-8796158;decathlon-8796158;;https://www.decathlon.es/es/p/casco-roller-skateboard-patinete-mf540-lila/172240/c295m8796158;https://www.decathlon.es/es/p/casco-roller-skateboard-patinete-mf540-lila/172240/c295m8796158;Casco roller skateboard patinete MF540 lila;"Casco de tipo bol para patinete y deportes sobre ruedas. La ficha indica EN 1078; verifica la talla disponible.";BTWIN;Patinetes > Cascos y protección;;;21;EUR;;;Muestra: comprobar vendedor, disponibilidad y afiliación antes de publicar;
decathlon-8984803;decathlon-8984803;;https://www.decathlon.es/es/p/casco-roller-skateboard-patinete-bicicleta-b100-lila-para-ninos/153191/c295m8984803;https://www.decathlon.es/es/p/casco-roller-skateboard-patinete-bicicleta-b100-lila-para-ninos/153191/c295m8984803;Casco roller skateboard patinete bicicleta B100 lila para niños;Casco infantil para bicicleta y patinete, con ajuste por talla. La ficha describe la norma EN 1078.;BTWIN;Ciclismo > Cascos infantiles;;;21;EUR;;;Muestra: comprobar vendedor, disponibilidad y afiliación antes de publicar;
decathlon-8649129;decathlon-8649129;;https://www.decathlon.es/es/p/casco-bicicleta-ninos-btwin-520-fluo/334403/c132c382c132m8649129;https://www.decathlon.es/es/p/casco-bicicleta-ninos-btwin-520-fluo/334403/c132c382c132m8649129;Casco bicicleta niños Btwin 520 fluo;Casco infantil de tipo bol para bicicleta, con rueda de ajuste. La ficha indica conformidad con EN 1078.;BTWIN;Ciclismo > Cascos infantiles;;;21;EUR;;;Muestra: comprobar vendedor, disponibilidad y afiliación antes de publicar;
decathlon-8749912;decathlon-8749912;;https://www.decathlon.es/es/p/chaleco-seguridad-alta-visibilidad-ciclismo-amarillo-fluorescente/341834/c132m8749912;https://www.decathlon.es/es/p/chaleco-seguridad-alta-visibilidad-ciclismo-amarillo-fluorescente/341834/c132m8749912;Chaleco seguridad alta visibilidad ciclismo amarillo fluorescente;"Chaleco fluorescente con zonas reflectantes para mejorar la visibilidad al pedalear; la ficha indica EN 17353. Verifica los requisitos concretos de cada uso.";BTWIN;Ciclismo > Prendas reflectantes;;;21;EUR;;;Muestra: comprobar vendedor, disponibilidad y afiliación antes de publicar;
decathlon-8749911;decathlon-8749911;;https://www.decathlon.es/es/p/chaleco-seguridad-alta-visibilidad-ciclismo-rosa-fluorescente/341834/c385m8749911;https://www.decathlon.es/es/p/chaleco-seguridad-alta-visibilidad-ciclismo-rosa-fluorescente/341834/c385m8749911;Chaleco seguridad alta visibilidad ciclismo rosa fluorescente;"Variante rosa fluorescente de chaleco de ciclismo con zonas reflectantes; la ficha indica EN 17353. Verifica los requisitos concretos de cada uso.";BTWIN;Ciclismo > Prendas reflectantes;;;21;EUR;;;Muestra: comprobar vendedor, disponibilidad y afiliación antes de publicar;
decathlon-8788242;decathlon-8788242;;https://www.decathlon.es/es/p/chaleco-reflectante-ciclismo-norma-en-17353/344943/c263m8788242;https://www.decathlon.es/es/p/chaleco-reflectante-ciclismo-norma-en-17353/344943/c263m8788242;Chaleco reflectante ciclismo Van Rysel EN 17353;"Chaleco de ciclismo de alta visibilidad, certificado EN 17353 según la ficha; incluye zonas reflectantes y protección frente a lluvia ligera.";VAN RYSEL;Ciclismo > Prendas reflectantes;;;21;EUR;;;Muestra: comprobar vendedor, disponibilidad y afiliación antes de publicar;
decathlon-8734215;decathlon-8734215;;https://www.decathlon.es/es/p/kit-luz-delantera-trasera-st510-usb/337952/m8734215;https://www.decathlon.es/es/p/kit-luz-delantera-trasera-st510-usb/337952/m8734215;Kit luz delantera y trasera bicicleta ST510 USB;Juego de iluminación delantera y trasera para bicicleta, recargable por USB. La ficha indica homologación conforme al código alemán STVZO.;DECATHLON;Ciclismo > Juegos de luces;;;21;EUR;;;Muestra: comprobar vendedor, disponibilidad y afiliación antes de publicar;
decathlon-8576352;decathlon-8576352;;https://www.decathlon.es/es/p/kit-luces-bicicleta-led-st-920-delantera-trasera-usb/313171/m8576352;https://www.decathlon.es/es/p/kit-luces-bicicleta-led-st-920-delantera-trasera-usb/313171/m8576352;Kit luces bicicleta ST920 delantera y trasera USB;Juego de luces delantera y trasera para bicicleta, recargable por USB. Comprueba los modos de iluminación de la ficha.;ELOPS;Ciclismo > Juegos de luces;;;21;EUR;;;Muestra: comprobar vendedor, disponibilidad y afiliación antes de publicar;
decathlon-8487105;decathlon-8487105;;https://www.decathlon.es/es/p/luz-bicicleta-y-patinete-led-elops-cl-900-delantero-trasero-usb/168732/c200m8487105;https://www.decathlon.es/es/p/luz-bicicleta-y-patinete-led-elops-cl-900-delantero-trasero-usb/168732/c200m8487105;Luz bicicleta y patinete Elops CL900 delantera o trasera USB;Luz bicolor recargable y portable para usar delante o detrás en bicicleta y patinete. Una unidad no equivale a un juego de dos luces.;DECATHLON;Patinetes > Luces y visibilidad;;;21;EUR;;;Muestra: comprobar vendedor, disponibilidad y afiliación antes de publicar;
decathlon-8600476;decathlon-8600476;;https://www.decathlon.es/es/p/luz-delantera-fl510-usb/326754/c1m8600476;https://www.decathlon.es/es/p/luz-delantera-fl510-usb/326754/c1m8600476;Luz delantera bicicleta FL510 USB;"Luz delantera de bicicleta recargable por USB; la ficha indica homologación conforme al código alemán STVZO.";DECATHLON;Ciclismo > Luces delanteras;;;21;EUR;;;Muestra: comprobar vendedor, disponibilidad y afiliación antes de publicar;
decathlon-8789181;decathlon-8789181;;https://www.decathlon.es/es/p/luz-trasera-bicicleta-elops-rl-510-led-usb/344800/m8789181;https://www.decathlon.es/es/p/luz-trasera-bicicleta-elops-rl-510-led-usb/344800/m8789181;Luz trasera bicicleta Elops RL510 LED USB;"Luz trasera LED de bicicleta, recargable por USB y no intermitente; la ficha indica homologación para Francia y Alemania.";ELOPS;Ciclismo > Luces traseras;;;21;EUR;;;Muestra: comprobar vendedor, disponibilidad y afiliación antes de publicar;
decathlon-8600227;decathlon-8600227;;https://www.decathlon.es/es/p/luz-delantera-trasera-bicicleta-sl110-negro-pila/311112/c1m8600227;https://www.decathlon.es/es/p/luz-delantera-trasera-bicicleta-sl110-negro-pila/311112/c1m8600227;Luz bicicleta SL110 negro con pilas, delantera o trasera;Luz individual para ser visto al circular en bicicleta. Comprueba el color y la posición elegidos: una unidad no forma un juego delantero y trasero.;DECATHLON;Ciclismo > Luces de bicicleta;;;21;EUR;;;Muestra: comprobar vendedor, disponibilidad y afiliación antes de publicar;
